#id,name,request_email,notes,home_page,tag_string
cio-97422-01,Centre dinformation et dorientation (CIO) - Tampon,cio.le-tampon@ac-reunion.fr,"Adresse : Cité scolaire Roland-Garros - BP 138,97833,Le Tampon Cedex | Tél : +262 2 62 27 13 70 | Fax : ",http://www.ac-reunion.fr,cio
cnfpt-97411-01,Centre national de la fonction publique territoriale (CNFPT) - Délégation de la Réunion,accueil.reunion@cnfpt.fr,"Adresse : 4 rue Camille-Vergoz - CS 801037,97404,Saint-Denis Cedex | Tél : +262 2 62 90 28 28 | Fax : +262 2 62 90 28 00",http://www.cnfpt.fr,cnfpt
commission_conciliation-97411-01,Commission départementale de conciliation - La Réunion,djscs974@drjscs.gouv.fr,"Adresse : 14, allée des Saphirs - Direction de la jeunesse, des sports et de la cohésion sociale,97487,Saint-Denis Cedex | Tél : +262 262 20 96 40 | Fax : +262 262 20 96 41",http://www.reunion.drjscs.gouv.fr,commission_conciliation
conciliateur_fiscal-97411-01,Conciliateur fiscal départemental - Réunion,conciliateurfiscal974@dgfip.finances.gouv.fr,"Adresse : BP 371,97467,Saint-Denis Cedex | Tél : | Fax : ",http://www.impots.gouv.fr,conciliateur_fiscal
cr-97411-01,Conseil régional - Réunion,region.reunion@cr-reunion.fr,"Adresse : Hôtel de Région Pierre-Lagourgue - Avenue René-Cassin - Moufia - BP 7190,97719,Saint-Denis Cedex 9 | Tél : +262 2 62 48 70 00 | Fax : +262 2 62 48 70 71",http://www.regionreunion.com,cr
crib-97407-01,Centre de ressources et d'information des bénévoles (Crib) - Maison des associations du Port,mdaport@orange.fr,"Adresse : Centre Cur-Saignant - 7 avenue Louis-Aragon,97420,Le Port | Tél : +262 2 62 43 89 72 | Fax : ",http://www.mdaduport.re,crib
drac-97411-01,Direction des affaires culturelles (DAC) - Océan indien - La Réunion,la-reunion@culture.gouv.fr,"Adresse : 23 rue Labourdonnais - CS 701045,97464,Saint-Denis Cedex | Tél : +262 2 62 21 91 71 | Fax : +262 2 62 41 61 93",http://www.culturecommunication.gouv.frfr/regionsfr/dac-ocean-indien,drac
draf-97411-01,"Direction de l'alimentation, de l'agriculture et de la forêt (DAAF) - La Réunion",daaf974@agriculture.gouv.fr,"Adresse : Boulevard de la Providence,97489,Saint-Denis Cedex | Tél : +262 2 62 30 89 89 | Fax : +262 2 62 30 89 99",http://daaf.reunion.agriculture.gouv.fr,draf
drddi-97411-01,Direction régionale des douanes - La Réunion,dr-reunion@douane.finances.gouv.fr,"Adresse : 7 avenue de la Victoire - BP 02041,97488,Saint-Denis Cedex | Tél : +262 2 62 90 81 00 | Fax : +262 2 62 41 09 81",http://www.douane.gouv.fr,drddi
epci-97407-01,Communauté d'agglomération - Territoire de la Côte Ouest (TCO),cada@tco.re,"Adresse : TCO - BP 50049,97822,Le Port Cedex | Tél : +262 2 62 32 12 12 | Fax : +262 2 62 32 22 22",http://www.tco.re,epci communaute_agglomerations
epci-97410-01,Communauté d'agglomération - Intercommunale de la Réunion Est (CIREST),cirest@cirest.fr,"Adresse : 28 rue des Tamarins - BP 124,97470,Saint-Benoît | Tél : 02 62 94 70 00 | Fax : 02 62 58 22 94",http://www.cirest.fr,epci communaute_agglomerations
epci-97411-01,Communauté d'agglomération - Intercommunale du Nord de la Réunion (CINOR),direction.generale@cinor.org,"Adresse : 3 rue de la Solidarité - CS 601025,97495,Sainte-Clotilde Cedex | Tél : +262 2 62 92 49 00 | Fax : +262 2 62 92 54 14",http://www.cinor.fr,epci communaute_agglomerations
epci-97416-01,Communauté intercommunale  - Des villes solidaires,accueil@civis.re,"Adresse : 29 route de l'Entre-Deux,97410,Saint-Pierre | Tél : 02 62 49 96 00 | Fax : 02 62 49 96 99",http://www.civis.re,epci
epci-97422-01,Communauté d'agglomération - Sud de La Réunion,secretariat.dgs@casud.re,"Adresse : 379 rue Hubert-Delisle - BP 437,97430,Le Tampon | Tél : +262 2 62 57 97 77 | Fax : +262 2 62 57 97 78",http://www.casud.re,epci communaute_agglomerations
fdapp-97412-01,Fédération départementale pour la pêche et la protection du milieu aquatique - La Réunion,federation.peche.reunion@wanadoo.fr,"Adresse : 208 route de la Passerelle,97480,Saint-Joseph | Tél : +262 2 62 91 32 48 | Fax : ",http://www.pechereunion.fr,fdapp
fdc-97411-01,Fédération départementale des chasseurs - La Réunion,fedechasse-reunion@orange.fr,"Adresse : Résidence Paul et Virginie - 1 rue Sainte-Anne,97400,Saint-Denis | Tél : +262 2 62 90 90 26 | Fax : ",http://www.chasse974.re,fdc
gendarmerie-97401-01,Brigade de gendarmerie - Les Avirons,cob.l-etang-sale@gendarmerie.interieur.gouv.fr,"Adresse : 1 Rue de l'Eglise,97425,Les Avirons | Tél : +262 38 03 94 | Fax : +262 38 39 62",http://www.gendarmerie.interieur.gouv.fr,gendarmerie
gendarmerie-97402-01,Brigade de gendarmerie - Bras-Panon,bta.bras-panon@gendarmerie.interieur.gouv.fr,"Adresse : Route Nationale 2,97412,Bras-Panon | Tél : +262 51 63 64 | Fax : +262 51 23 11",http://www.gendarmerie.interieur.gouv.fr,gendarmerie
gendarmerie-97403-01,Brigade de gendarmerie - Entre-Deux,bta.entre-deux@gendarmerie.interieur.gouv.fr,"Adresse : 8 Rue Payet,97414,Entre-Deux | Tél : +262 39 50 22 | Fax : ",http://www.gendarmerie.interieur.gouv.fr,gendarmerie
gendarmerie-97404-01,Brigade de gendarmerie - L'Étang-Salé,cob.l-etang-sale@gendarmerie.interieur.gouv.fr,"Adresse : 1 rue Auguste Lacaussade,97427,L'Étang-Salé | Tél : +262 91 70 40 | Fax : +262 91 24 78",http://www.gendarmerie.interieur.gouv.fr,gendarmerie
gendarmerie-97405-01,Brigade de gendarmerie - Petite-Île,cob.st-joseph@gendarmerie.interieur.gouv.fr,"Adresse : 11 Rue du Général de Gaulle,97429,Petite-Île | Tél : +262 56 81 51 | Fax : ",http://www.gendarmerie.interieur.gouv.fr,gendarmerie
gendarmerie-97406-01,Brigade de gendarmerie - La Plaine-des-Palmistes,bta.la-plaine-des-palmistes@gendarmerie.interieur.gouv.fr,"Adresse : 319 Rue de la République,97431,La Plaine-des-Palmistes | Tél : +262 51 30 04 | Fax : +262 51 23 15",http://www.gendarmerie.interieur.gouv.fr,gendarmerie
gendarmerie-97408-01,Brigade de gendarmerie - La Possession,bta.la-possession@gendarmerie.interieur.gouv.fr,"Adresse : 41 Rue Pablo Neruda,97419,La Possession | Tél : +262 42 00 47 | Fax : +262 42 48 41",http://www.gendarmerie.interieur.gouv.fr,gendarmerie
gendarmerie-97410-02,Brigade de gendarmerie - Saint-Benoît,cob.st-benoit@gendarmerie.interieur.gouv.fr,"Adresse : 30 Rue Georges Pompidou,97470,Saint-Benoît | Tél : +262 50 33 82 | Fax : +262 50 79 52",http://www.gendarmerie.interieur.gouv.fr,gendarmerie
gendarmerie-97412-01,Brigade de gendarmerie - Saint-Joseph (La Réunion),cob.st-joseph@gendarmerie.interieur.gouv.fr,"Adresse : 7 Rue Roland Garros,97480,Saint-Joseph | Tél : +262 56 50 12 | Fax : +262 90 18 62",http://www.gendarmerie.interieur.gouv.fr,gendarmerie
gendarmerie-97413-01,Brigade de gendarmerie - Le-Piton-Saint-Leu,cob.st-leu@gendarmerie.interieur.gouv.fr,"Adresse : Le Piton Saint-Leu - 14 Rue Adrien Lagourgue,97416,Saint-Leu | Tél : +262 34 29 94 | Fax : +262 34 29 95",http://www.gendarmerie.interieur.gouv.fr,gendarmerie
gendarmerie-97413-02,Brigade de gendarmerie - Saint-Leu,cob.st-leu@gendarmerie.interieur.gouv.fr,"Adresse : 363 Rue du Général Lambert,97416,Saint-Leu | Tél : +262 34 80 01 | Fax : +262 34 23 39",http://www.gendarmerie.interieur.gouv.fr,gendarmerie
gendarmerie-97414-01,Brigade de gendarmerie - Saint-Louis (97),cob.st-louis974@gendarmerie.interieur.gouv.fr,"Adresse : 20 Avenue Principale,97450,Saint-Louis | Tél : +262 45 82 82 | Fax : +262 45 82 74",http://www.gendarmerie.interieur.gouv.fr,gendarmerie
gendarmerie-97415-01,Brigade de gendarmerie - La-Saline,bta.la-saline@gendarmerie.interieur.gouv.fr,"Adresse : 10 Rue Souprayen La Saline,97460,Saint-Paul | Tél : +262 33 50 33 | Fax : +262 33 35 72",http://www.gendarmerie.interieur.gouv.fr,gendarmerie
gendarmerie-97415-02,Brigade de gendarmerie - Saint-Gilles,bta.st-gilles@gendarmerie.interieur.gouv.fr,"Adresse : Boulevard Roland Garros - Saint-Gilles-les-Bains,97460,Saint-Paul | Tél : +262 24 40 47 | Fax : +262 24 48 87",http://www.gendarmerie.interieur.gouv.fr,gendarmerie
gendarmerie-97415-03,Brigade de gendarmerie - Plateau-Caillou,bta.plateau-caillou@gendarmerie.interieur.gouv.fr,"Adresse : 15 Avenue des Martins - Plateau-Caillou,97460,Saint-Paul | Tél : +262 22 71 19 | Fax : +262 91 97 27",http://www.gendarmerie.interieur.gouv.fr,gendarmerie
gendarmerie-97415-04,Brigade de gendarmerie - Saint-Paul,bta.st-paul@gendarmerie.interieur.gouv.fr,"Adresse : Camp de l'Etang,97460,Saint-Paul | Tél : +262 45 45 45 | Fax : +262 55 48 90",http://www.gendarmerie.interieur.gouv.fr,gendarmerie
gendarmerie-97415-05,Brigade de gendarmerie - Bois-de-Nèfles,bta.bois-de-nefles@gendarmerie.interieur.gouv.fr,"Adresse : 45 Chemin de la Piscine - Bois de Nèfles,97460,Saint-Paul | Tél : +262 44 29 00 | Fax : +262 44 65 50",http://www.gendarmerie.interieur.gouv.fr,gendarmerie
gendarmerie-97417-01,Brigade de gendarmerie - Saint-Philippe,bta.st-philippe@gendarmerie.interieur.gouv.fr,"Adresse : 26 Rue Leconte de Lisle,97442,Saint-Philippe | Tél : +262 37 00 54 | Fax : +262 37 68 64",http://www.gendarmerie.interieur.gouv.fr,gendarmerie
gendarmerie-97418-02,Brigade de gendarmerie - Sainte-Marie (La Réunion),cob.ste-marie@gendarmerie.interieur.gouv.fr,"Adresse : 20 boulevard de la Fraternité,97438,Sainte-Marie | Tél : +262 53 40 01 | Fax : +262 72 17 24",http://www.gendarmerie.interieur.gouv.fr,gendarmerie
gendarmerie-97419-01,Brigade de gendarmerie - Sainte-Rose (La Réunion),bta.ste-rose974@gendarmerie.interieur.gouv.fr,"Adresse : Route Nationale 2,97439,Sainte-Rose | Tél : +262 47 20 20 | Fax : ",http://www.gendarmerie.interieur.gouv.fr,gendarmerie
gendarmerie-97420-01,Brigade de gendarmerie - Sainte-Suzanne,cob.ste-marie@gendarmerie.interieur.gouv.fr,"Adresse : 4 Rue Isnelle Amelin,97441,Sainte-Suzanne | Tél : +262 52 30 07 | Fax : +262 52 81 48",http://www.gendarmerie.interieur.gouv.fr,gendarmerie
gendarmerie-97421-01,Brigade de gendarmerie - Salazie,bta.salazie@gendarmerie.interieur.gouv.fr,"Adresse : 74 Rue du Général de Gaulle - Hell Bourg,97433,Salazie | Tél : +262 47 80 03 | Fax : +262 47 68 46",http://www.gendarmerie.interieur.gouv.fr,gendarmerie
gendarmerie-97422-01,Brigade de gendarmerie - La-Plaine-des-Cafres,bta.la-plaine-des-cafres@gendarmerie.interieur.gouv.fr,"Adresse : 208 Rue Jean De Fos Du Rau,97430,Le Tampon | Tél : +262 27 51 53 | Fax : +262 59 39 51",http://www.gendarmerie.interieur.gouv.fr,gendarmerie
gendarmerie-97422-02,Brigade de gendarmerie - Le Tampon,cob.le-tampon@gendarmerie.interieur.gouv.fr,"Adresse : 167 Rue Hubert Delisle,97430,Le Tampon | Tél : +262 27 00 08 | Fax : ",http://www.gendarmerie.interieur.gouv.fr,gendarmerie
gendarmerie-97422-03,Brigade de gendarmerie - Le-Tampon-Les-Trois-Mares,cob.le-tampon@gendarmerie.interieur.gouv.fr,"Adresse : 26 Chemin Mazeau,97430,Le Tampon | Tél : | Fax : ",http://www.gendarmerie.interieur.gouv.fr,gendarmerie
gendarmerie-97423-01,Brigade de gendarmerie - Les Trois-Bassins,bta.les-trois-bassins@gendarmerie.interieur.gouv.fr,"Adresse : 12 Rue du Général de Gaulle,97426,Les Trois-Bassins | Tél : +262 24 81 08 | Fax : ",http://www.gendarmerie.interieur.gouv.fr,gendarmerie
gendarmerie-97424-01,Brigade de gendarmerie - Cilaos,bta.cilaos@gendarmerie.interieur.gouv.fr,"Adresse : 74 Rue du Père Boiteau,97413,Cilaos | Tél : +262 31 70 39 | Fax : +262 31 49 45",http://www.gendarmerie.interieur.gouv.fr,gendarmerie
greta-97411-02,Greta - La Réunion,greta.reunion@ac-reunion.fr,"Adresse : Cité scolaire du Butor - 4 route Digue,97490,Sainte-Clothilde | Tél : +262 2 62 92 26 00 | Fax : ",http://www.ftlvreunion.fr,greta
hypotheque-97411-01,Service de la publicité foncière (SPF) - Saint-Denis,spf.saint-denis-de-la-reunion@dgfip.finances.gouv.fr,"Adresse : CS 901013 - 1 rue Champ fleuri,97744,Saint Denis Cedex 9 | Tél : 262 2 62 48 97 79 | Fax : ",http://www.impots.gouv.fr,hypotheque
maia-97411-01,Mission d'accueil et d'information des associations (Maia) - La Réunion,serge.fabresson@jeunesse-sports.gouv.fr,"Adresse : 14, allée des Saphirs - Direction de la jeunesse, des sports et de la cohésion sociale,97487,Saint-Denis Cedex | Tél : +262 262 20 96 71 | Fax : +262 262 20 96 41",http://www.associations.gouv.fr,maia
mairie-97401-01,Mairie - Les Avirons,contact@mairie-avirons.fr,"Adresse : 61 avenue du Général-de-Gaulle - BP 2,97425,Les Avirons | Tél : +262 2 62 38 02 66 | Fax : +262 2 62 38 09 65",http://www.mairie-avirons.fr,mairie
mairie-97402-01,Mairie - Bras-Panon,mairebraspanon@wanadoo.fr,"Adresse : 89 route nationale 2,97412,Bras-Panon | Tél : +262 2 62 51 50 50 | Fax : +262 2 62 51 65 67",http://www.braspanon.re,mairie
mairie-97403-01,Mairie - Entre-Deux,accueil.mairie@entredeux.re,"Adresse : 2 rue Fortuné-Hoarau,97414,Entre-Deux | Tél : +262 2 62 39 50 50 | Fax : +262 2 62 39 57 70",http://www.village-entredeux.fr,mairie
mairie-97404-01,Mairie - L'Étang-Salé,mairie@letangsale.fr,"Adresse : Avenue Raymond-Barre - BP 903,97427,L'Étang-Salé | Tél : +262 2 62 33 43 33 | Fax : +262 2 62 33 43 69",http://www.letangsale.fr,mairie
mairie-97405-01,Mairie - Petite-Île,mairie@petite-ile.re,"Adresse : 192 rue Mahé-de-Labourdonnais - BP 28,97429,Petite-Île | Tél : +262 2 62 56 79 79 | Fax : +262 2 62 56 79 70",http://www.petite-ile.re,mairie
mairie-97406-01,Mairie - La Plaine-des-Palmistes,mairie@plaine-des-palmistes.fr,"Adresse : 230 rue de la République,97431,La Plaine-des-Palmistes | Tél : +262 2 62 51 49 10 | Fax : +262 2 62 51 37 65",http://www.ville-plainedespalmistes.fr,mairie
mairie-97408-01,Mairie - La Possession,cabinetmaire@ville-lapossession.fr,"Adresse : Rue Waldeck-Rochet - BP 92,97419,La Possession | Tél : +262 2 62 22 20 02 | Fax : +262 2 62 22 03 99",https://www.lapossession.re,mairie
mairie-97412-01,Mairie - Saint-Joseph (La Réunion),accueil@mairie-saintjoseph.re,"Adresse : 277 rue Raphaël-Babet - BP 1,97480,Saint-Joseph | Tél : +262 2 62 35 80 00 | Fax : +262 2 62 35 80 07",http://www.saintjoseph.re,mairie
mairie-97413-01,Mairie - Saint-Leu,secretariat@mairie-saintleu.fr,"Adresse : 58 rue du Général-Lambert - BP 01004,97436,Saint-Leu Cedex | Tél : +262 2 62 34 80 03 | Fax : +262 2 62 34 79 78",http://www.saintleu.re,mairie
mairie-97414-01,Mairie - Saint-Louis (La Réunion),dgs@mairie-saint-louis.re,"Adresse : 125 avenue Principale,97450,Saint-Louis | Tél : +262 2 62 91 39 50 | Fax : +262 2 62 57 50 49",http://www.saintlouis.re,mairie
mairie-97416-01,Mairie - Saint-Pierre (La Réunion),courrier@saintpierre.re,"Adresse : Rue Méziaire-Guignard - BP 342,97448,Saint-Pierre Cedex | Tél : +262 2 62 35 78 00 | Fax : +262 2 62 35 78 09",http://www.ville-saintpierre.fr,mairie
mairie-97417-01,Mairie - Saint-Philippe,com_phil@yahoo.fr,"Adresse : 64 rue Leconte-Delisle,97442,Saint-Philippe | Tél : +262 2 62 37 00 12 | Fax : ",http://www.saintphilippe.re,mairie
mairie-97421-01,Mairie - Salazie,infos@ville-salazie.fr,"Adresse : 1 place Théodore-Simonette,97433,Salazie | Tél : +262 2 62 47 58 00 | Fax : +262 2 62 47 60 06",http://www.ville-salazie.fr,mairie
mairie-97422-01,Mairie - Le Tampon,courrier@mairie-tampon.fr,"Adresse : 256 rue Hubert-Delisle - BP 449,97430,Le Tampon | Tél : +262 2 62 57 86 86 | Fax : +262 2 62 57 84 26",http://www.letampon.fr,mairie
mairie-97423-01,Mairie - Les Trois-Bassins,administrateur@trois-bassins.re,"Adresse : 2 rue du Général-de-Gaulle,97426,Les Trois-Bassins | Tél : +262 2 62 24 80 03 | Fax : +262 2 62 24 64 68",http://www.trois-bassins.re,mairie
mairie-97424-01,Mairie - Cilaos,cabinet.maire.cilaos@ville-cilaos.fr,"Adresse : 66 rue du Père-Boiteau - BP 1,97413,Cilaos | Tél : +262 2 62 31 89 89 | Fax : +262 2 62 31 73 03",http://www.ville-cilaos.fr,mairie
maison_handicapees-97411-01,Maison départementale des personnes handicapées (MDPH) - Réunion,mdph974@mdph.re,"Adresse : 13 rue Fénelon - BP 60183,97464,Saint-Denis Cedex | Tél : 08 00 00 02 62 / Numéro vert : service et appel gratuits. | Fax : 02 62 37 24 48",http://www.mdph.re,maison_handicapees
mission_locale-97410-01,Mission locale pour l'insertion professionnelle et sociale des jeunes (16-25 ans) - Saint-Benoît (La Réunion),ml.saintbenoit@mle.re,"Adresse : 25 cité artisanale Beaufonds - BP 57,97470,Saint-Benoît | Tél : +262 2 62 50 20 13 | Fax : +262 2 62 50 39 27",http://www.mle.re,mission_locale
mission_locale-97411-01,Mission locale pour l'insertion professionnelle et sociale des jeunes (16-25 ans) - Sainte-Clotilde (Nord Réunion),siege@mln974.fr,"Adresse : 6 bis avenue Desbassyns - BP 30339,97494,Sainte-Clotilde Cedex | Tél : +262 2 62 92 41 41 | Fax : +262 2 62 97 31 74",http://www.missionlocalenord.re,mission_locale
mission_locale-97415-01,Mission locale pour l'insertion professionnelle et sociale des jeunes (16-25 ans) - Saint-Paul (La Réunion),direction-mio@wanadoo.fr,"Adresse : Zone d'activité Savannah - 65 rue du Kovil - BP 90149,97861,Saint-Paul Cedex | Tél : +262 2 62 45 39 60 | Fax : +262 2 62 45 39 79",https://mio-reunion.re/,mission_locale
mission_locale-97416-01,Mission locale pour l'insertion professionnelle et sociale des jeunes (16-25 ans) - Saint-Pierre (La Réunion),siege.social@missionlocalesud.com,"Adresse : 69-71 rue des Bons-Enfants - BP 189,97455,Saint-Pierre Cedex | Tél : +262 2 62 25 77 20 | Fax : ",http://www.missionlocalesud.re,mission_locale
ofii-97411-01,Office français de l'immigration et de l'intégration (OFII) - Direction territoriale de Saint-Denis de la Réunion (dép. 974),ofii-reunion@ofii.fr,"Adresse : Préfecture de La Réunion - Place du Barachois,97405,Saint-Denis Cedex | Tél : 02 62 40 75 69 / Du lundi au jeudi de 8h à 12h | Fax : 02 62 41 06 16",http://www.ofii.fr,ofii
onac-97411-01,Office national des anciens combattants et victimes de guerre (ONACVG) - Service départemental - La Réunion,onac974@wanadoo.fr,"Adresse : 23 rue Tourette - Porte 11,97400,Saint-Denis | Tél : 02 62 21 14 67 | Fax : ",https://www.onac-vg.fr,onac
paierie_departementale-97411-02,Paierie départementale - Réunion,t104090@dgfip.finances.gouv.fr,"Adresse : 4 rue Amiral Lacaze - CS 401008,97744,Saint-Denis Cedex 9 | Tél : 02 62 41 50 82 | Fax : ",http://www.impots.gouv.fr,paierie_departementale
pif-97403-01,Point info famille - Entre-Deux,mairie.entredeux@wanadoo.fr,"Adresse : Mairie de l'Entre-Deux - 2 rue Fortuné-Hoarau,97414,Entre-Deux | Tél : | Fax : ",,pif
pif-97411-01,Point info famille - Saint-Denis,amafar@wanadoo.fr,"Adresse : Association des maisons de la famille de La Réunion - Immeuble Le Président - 5 allée des Cocotiers,97400,Saint-Denis | Tél : +262 2 62 30 53 30 | Fax : +262 2 62 30 70 66",,pif
pif-97416-01,Point info famille - Saint-Pierre - La Réunion,arep.siege-social@wanadoo.fr,"Adresse : Association réunionnaise déducation populaire - Collectif G - SIDR Front-de-Mer - BP 103,97453,Saint-Pierre Cedex | Tél : +262 2 62 25 03 85 | Fax : +262 2 62 35 57 09",http://www.arep.re,pif
prefecture-97411-01,Préfecture - Réunion,dominique.perrochon@reunion.pref.gouv.fr,"Adresse : 1, rue de la Messagerie - CS 501079,97404,Saint-Denis Cedex | Tél : +262 262 40 77 77 | Fax : +262 262 40 78 78",http://www.reunion.gouv.fr,prefecture
prefecture_greffe_associations-97411-01,Greffe des associations - La Réunion (Saint-Denis),dd974@drjscs.gouv.fr,"Adresse : Direction de la jeunesse, des sports et de la cohésion sociale de Saint-Denis - 14, allée des Saphirs,97487,Saint-Denis Cedex | Tél : +262 262 20 96 47 | Fax : 02 62 20 96 41",http://www.reunion.drjscs.gouv.fr,prefecture_greffe_associations
prefecture_greffe_associations-97415-01,Greffe des associations - La Réunion (Saint-Paul),laurence.monie@reunion.pref.gouv.fr,"Adresse : Sous-préfecture de Saint-Paul - Bureau des associations - 5 rue Évariste-de-Parny - CS 701044,97864,Saint-Paul Cedex | Tél : +262 2 62 35 89 20 | Fax : +262 2 62 45 53 41",http://www.service-public-asso.fr,prefecture_greffe_associations
rectorat-97411-01,Rectorat - Académie de la Réunion,academie-reunion@ac-reunion.fr,"Adresse : 24 avenue Georges-Brassens - CS 701003,97743,Saint-Denis Cedex 9 | Tél : 02 62 48 10 10 | Fax : 02 62 28 69 48",http://www.ac-reunion.fr,rectorat
sie-97410-01,Service des impôts des entreprises du centre des finances publiques de Saint-Benoît,sie.saint-benoit@dgfip.finances.gouv.fr,"Adresse : CS 701006 - 3 rue Raymond-Barre,97470,Saint-Benoît | Tél : +262 2 62 50 85 70 | Fax : ",http://www.impots.gouv.fr,sie
sie-97411-01,Service des impôts des entreprises du centre des finances publiques de Saint-Denis Est,sie.st-denis-la-reunion-est@dgfip.finances.gouv.fr,"Adresse : 1 rue Champ Fleuri - CS 901013,97744,Saint-Denis Cedex 9 | Tél : +262 2 62 48 67 92 | Fax : ",http://www.impots.gouv.fr,sie
sie-97411-02,Service des impôts des entreprises du centre des finances publiques de Saint-Denis Ouest,sie.st-denis-la-reunion-ouest@dgfip.finances.gouv.fr,"Adresse : CS 901013 - 1, rue Champ-Fleuri,97744,Saint-Denis Cedex 9 | Tél : +262 2 62 48 69 54 | Fax : ",http://www.impots.gouv.fr,sie
sie-97415-01,Service des impôts des entreprises du centre des finances publiques de Saint-Paul,sie.saint-paul@dgfip.finances.gouv.fr,"Adresse : 7 rue de la Buse - CS 201035,97864,Saint-Paul Cedex | Tél : +262 262 45 70 10 | Fax : ",http://www.impots.gouv.fr,sie
sous_pref-97410-01,Sous-préfecture de Saint-Benoît,sous-prefecture-de-stbenoit@reunion.pref.gouv.fr,"Adresse : 7, avenue François-Mitterrand,97470,Saint Benoit | Tél : +262 2 62 50 77 10 | Fax : +262 2 62 50 34 88",http://www.reunion.gouv.fr,sous_pref
sous_pref-97415-01,Sous-préfecture de Saint-Paul,sous-prefecture-de-stpaul@reunion.pref.gouv.fr,"Adresse : 3, rue Evariste-de-Parny - BP 88,97862,Saint-Paul | Tél : +262 2 62 45 38 45 | Fax : +262 2 62 45 53 41",http://www.reunion.gouv.fr,sous_pref
sous_pref-97416-01,Sous-préfecture de Saint-Pierre,spftstpierre.pref974@reunion.pref.gouv.fr,"Adresse : Rue Augustin-Archambaud - BP 346,97448,Saint-Pierre Cedex | Tél : +262 2 62 35 71 00 | Fax : +262 2 62 25 97 83",http://www.reunion.gouv.fr,sous_pref
suio-97411-01,Service universitaire d'information et d'orientation (SUIO) - Université La Réunion,profil@univ-reunion.fr,"Adresse : 15 avenue René-Cassin - CS 92003,97744,Saint-Denis Cedex 9 | Tél : +262 2 62 93 81 20 | Fax : +262 2 62 93 81 14",http://www.univ-reunion.fr,suio
ta-97411-01,Tribunal administratif - La Réunion,greffe.ta-st-denis-de-la-reunion@juradm.fr,"Adresse : 27 rue Félix-Guyon - CS 601107,97404,Saint-Denis Cedex | Tél : +262 2 62 92 43 60 | Fax : +262 2 62 92 43 62",http://la-reunion.tribunal-administratif.fr,ta
tgi-97416-01,Tribunal de grande instance de Saint-Pierre,tgi-st-pierre-reunion@justice.fr,"Adresse : 28 rue Augustin Archambaud - CS 70040,97851,ST PIERRE CEDEX | Tél : 0(262)9601000 | Fax : 0(262)258433",http://www.justice.gouv.fr/,tgi
ti-97415-01,Tribunal d'instance de Saint-Paul,ti-st-paul-reunion@justice.fr,"Adresse : 12 rue Jules Thirel - CS 201021,97460,ST PAUL | Tél : 02 62 45 33 50 | Fax : 02 62 45 76 89",http://www.justice.gouv.fr/,ti
tresorerie-97407-01,Trésorerie du Port,t104001@dgfip.finances.gouv.fr,"Adresse : Résidence Malacca - 4 avenue des Chagos - CS 501194,97420,Le Port | Tél : +262 2 62 42 08 27 | Fax : +262 2 62 43 07 33",http://www.impots.gouv.fr,tresorerie
tresorerie-97409-01,Trésorerie de Saint-André,t104002@dgfip.finances.gouv.fr,"Adresse : 835 rue de la Gare - CS 301034,97440,Saint-André | Tél : +262 2 62 46 00 36 | Fax : +262 2 62 46 41 67",http://www.impots.gouv.fr,tresorerie
tresorerie-97410-01,Trésorerie spécialisée de Saint-Benoit municipal et hôpitaux,t104003@dgfip.finances.gouv.fr,"Adresse : 3 rue Raymond-Barre - CS 801016,97470,Saint-Benoit | Tél : +262 2 62 50 11 10 | Fax : +262 2 62 50 04 64",http://www.impots.gouv.fr,tresorerie
tresorerie-97411-01,Trésorerie spécialisée de Saint-Denis - municipale et amendes,t104013@dgfip.finances.gouv.fr,"Adresse : 4 rue Amiral-Lacaze - CS 401008,97744,Saint-Denis Cedex 9 | Tél : +262 2 62 94 00 10 | Fax : ",http://www.impots.gouv.fr,tresorerie
tresorerie-97411-02,Trésorerie Saint-Denis - Paierie Départementale,t104090@dgfip.finances.gouv.fr,"Adresse : 4 rue Amiral-Lacaze - CS 401008,97744,Saint-Denis Cedex 9 | Tél : 02 62 41 50 82 | Fax : ",http://www.impots.gouv.fr,tresorerie
tresorerie-97411-03,Paierie régionale - La Réunion,t104080@dgfip.finances.gouv.fr,"Adresse : BP 7190 - Hôtel de Région - avenue René Cassin,97719,Saint-Denis Cedex 9 | Tél : 02 62 48 73 44 | Fax : ",http://www.impots.gouv.fr,tresorerie
tresorerie-97411-04,Trésorerie CHR Antenne de Saint Denis,t104014@dgfip.finances.gouv.fr,"Adresse : Bellepierre - CS 401096 - Centre Hospitalier de Saint-Denis,97404,Saint-Denis Cedex | Tél : 02 62 21 89 48 | Fax : ",http://www.impots.gouv.fr,tresorerie
tresorerie-97412-01,Trésorerie de Saint-Joseph,t104005@dgfip.finances.gouv.fr,"Adresse : 114 rue Raphaël-Babet - CS 801006,97480,Saint-Joseph | Tél : +262 2 62 56 50 43 | Fax : +262 2 62 56 29 48",http://www.impots.gouv.fr,tresorerie
tresorerie-97413-01,Trésorerie de Saint-Leu,t104006@dgfip.finances.gouv.fr,"Adresse : 156 rue du Général-Lambert - CS 601003,97436,Saint-Leu | Tél : +262 2 62 34 80 21 | Fax : ",http://www.impots.gouv.fr,tresorerie
tresorerie-97415-01,Trésorerie Saint-Paul Municipale et Hôpitaux,t104015@dgfip.finances.gouv.fr,"Adresse : 4 rue Suffren - CS 201048,97864,Saint-Paul Cedex | Tél : 02 62 45 39 41 | Fax : ",http://www.impots.gouv.fr,tresorerie
tresorerie-97416-01,Trésorerie de Saint-Pierre CHR,t104014@dgfip.finances.gouv.fr,"Adresse : Groupe hospitalier sud Réunion - Avenue François-Mitterrand - BP 393,97458,Saint-Pierre Cedex | Tél : +262 2 62 35 94 64 | Fax : +262 2 62 35 94 61",http://www.impots.gouv.fr,tresorerie
gendarmerie-97501-01,Brigade de gendarmerie - Miquelon-Langlade,bta.miquelon-langlade@gendarmerie.interieur.gouv.fr,"Adresse : 5 Rue Antoine Soucy - Miquelon-Langlade,97500,Saint-Pierre-et-Miquelon | Tél : +508 41 02 70 | Fax : +508 41 02 75",http://www.gendarmerie.interieur.gouv.fr,gendarmerie
gendarmerie-97502-01,Brigade de gendarmerie - Saint-Pierre (Saint-Pierre-et-Miquelon),bta.st-pierre975@gendarmerie.interieur.gouv.fr,"Adresse : Boulevard Constant Colmay,97500,Saint-Pierre-et-Miquelon | Tél : +508 41 02 80 | Fax : +508 41 02 85",http://www.gendarmerie.interieur.gouv.fr,gendarmerie
maia-97502-01,Mission d'accueil et d'information des associations (Maia) - Saint-Pierre-et-Miquelon,serge.mayerus@dcstep.gouv.fr,"Adresse : 8, rue des Petits-Pêcheurs - BP 4212 - Direction de la cohésion sociale du travail, de l'emploi et de la population,97500,Saint-Pierre-et-Miquelon | Tél : +508 508 41 19 73 | Fax : +508 508 41 19 41",http://www.associations.gouv.fr,maia
mairie_com-97501-01,Mairie - Miquelon-Langlade,mairie@miquelon-langlade.fr,"Adresse : 2, rue du Baron-de-l'Espérance - BP 8309 - Miquelon,97500,Saint-Pierre-et-Miquelon | Tél : +508 41 05 60 | Fax : +508 41 65 94",http://www.miquelon-langlade.fr,mairie
prefecture_greffe_associations-97502-01,Greffe des associations - La Réunion (Saint-Pierre),sous-prefecture-de-stpierre@reunion.pref.gouv.fr,"Adresse : 18 rue Archambaud - BP 346 - Bureau des associations - Sous-préfecture de Saint-Pierre,97448,Saint-Pierre Cedex | Tél : +262 2 62 35 71 25 | Fax : +262 2 62 25 97 83",http://www.reunion.gouv.fr,prefecture_greffe_associations
tresorerie-97502-02,Trésorerie de Saint-Pierre Hospitalier,t104014@dgfip.finances.gouv.fr,"Adresse : Centre hospitalier de Saint-Pierre - BP 393,97458,Saint-Pierre Cedex | Tél : +262 2 62 35 94 64 | Fax : +262 2 62 35 94 61",http://www.impots.gouv.fr,tresorerie
bureau_de_douane-97610-01,Bureau de douane - Longoni - Port,r-longoni@douane.finances.gouv.fr,"Adresse : BP 404 - Zone portuaire Longoni,97600,Koungou | Tél : +269 2 69 60 86 67 | Fax : ",,bureau_de_douane
bureau_de_douane-97615-01,Bureau de douane - Pamandzi,r-longoni@douane.finances.gouv.fr,"Adresse : BP 09 - Aéroport - Centre d'affaire,97615,Pamandzi | Tél : +269 2 69 60 86 67 | Fax : ",,bureau_de_douane
cci-97611-01,Chambre de commerce et d'industrie (CCI) - Mayotte,communication@mayotte.cci.fr,"Adresse : Place Mariage - BP 635,97600,Mamoudzou | Tél : +269 269 61 04 26 | Fax : +269 269 61 85 59",http://www.mayotte.cci.fr,cci
cij-97605-01,Point information jeunesse - Chiconi,pijchiconi@wanadoo.fr,"Adresse : Maison des jeunes - Rue de la Mairie,97670,Chiconi | Tél : 02 69 61 73 68 | Fax : 02 69 61 73 67",,cij
cij-97609-01,Point information jeunesse - Kani-Kély,mjckanikeli@wanadoo.fr,"Adresse : Le Bourg,97625,Kani-Kéli | Tél : +269 2 69 62 17 86 | Fax : +269 2 69 62 95 20",http://www.crij-mayotte.org,cij
cij-97611-01,Centre régional information jeunesse - Mayotte - Mamoudzou,cijmayotte@wanadoo.fr,"Adresse : 1 boulevard du Stade-Cavani,97600,Mamoudzou | Tél : +269 2 69 61 29 17 | Fax : +269 2 69 61 09 07",http://www.crij-mayotte.org,cij
cij-97612-01,Point information jeunesse - Mtsamboro,chaka.madi@laposte.net,"Adresse : Le Bourg,97630,Mtsamboro | Tél : 02 69 60 59 47 | Fax : ",http://www.crij-mayotte.org,cij
cij-97615-01,Point information jeunesse - Pamandzi,pij.pamandzi@gmail.com,"Adresse : Place de lAncienne-Mairie,97615,Pamandzi | Tél : +269 269 61 61 57 | Fax : ",,cij
drac-97611-01,Direction des affaires culturelles (DAC) - Mayotte,dac-mayotte@culture.gouv.fr,"Adresse : BP 676,97600,Mamoudzou | Tél : +262 2 69 63 00 48 | Fax : ",http://www.culture.gouv.fr/Regions/Dac-Mayotte,drac
draf-97611-01,"Direction de l'alimentation, de l'agriculture et de la forêt (DAAF) - Mayotte",daaf976@agriculture.gouv.fr,"Adresse : 15 rue Mariaze - BP 103,97600,Mamoudzou | Tél : +269 2 69 61 12 13 | Fax : +269 2 69 61 10 31",http://daaf.mayotte.agriculture.gouv.fr/,draf
drddi-97611-01,Direction régionale des douanes - Mayotte,douane.mayotte@douane.finances.gouv.fr,"Adresse : Immeuble Jacaranda - Rue Mariaze - BP 404,97600,Mamoudzou | Tél : +269 2 69 61 42 22 | Fax : +269 2 69 62 02 07",http://www.douane.gouv.fr,drddi
epci-97603-01,Communauté de communes - Sud de Mayotte,contact@ccsud.yt,"Adresse : ancienne mairie de Bandrele,97630,Bandrele | Tél : | Fax : ",https://www.ccsud.yt/,epci communaute_communes
epci-97617-01,Communauté de communes - Centre Ouest,mairie-de-tsingoni@orange.fr,"Adresse : Hôtel de Ville - Place Zoubert-Adinani - BP 35,97680,Tsingoni | Tél : 02 69 62 17 91 | Fax : ",,epci communaute_communes
gendarmerie-97611-01,Brigade de gendarmerie - Mamoudzou,bta.mamoudzou@gendarmerie.interieur.gouv.fr,"Adresse : Rue de l'Hôpital,97600,Mamoudzou | Tél : +262 2 69 61 12 16 | Fax : +262 2 69 61 54 67",http://www.gendarmerie.interieur.gouv.fr,gendarmerie
gendarmerie-97612-01,Brigade de gendarmerie - Mtsamboro (Mayotte),bta.mtsamboro@gendarmerie.interieur.gouv.fr,"Adresse : Place de la Gendarmerie,97630,Mtsamboro | Tél : +262 2 69 62 13 13 | Fax : +262 2 69 63 80 32",http://www.gendarmerie.interieur.gouv.fr,gendarmerie
gendarmerie-97615-01,Brigade de gendarmerie - Pamandzi,bta.pamandzi@gendarmerie.interieur.gouv.fr,"Adresse : 20 Route Nationale 4,97615,Pamandzi | Tél : +262 2 69 60 10 48 | Fax : +262 2 69 60 91 39",http://www.gendarmerie.interieur.gouv.fr,gendarmerie
gendarmerie-97616-01,Brigade de gendarmerie - Sada,bta.sada@gendarmerie.interieur.gouv.fr,"Adresse : Route Nationale,97640,Sada | Tél : +262 2 69 62 19 22 | Fax : +262 2 69 63 81 61",http://www.gendarmerie.interieur.gouv.fr,gendarmerie
greta-97611-01,Greta Mayotte,greta@ac-mayotte.fr,"Adresse : BP 205 - Lycée professionnel de Kawéni,97600,Mamoudzou | Tél : +269 2 69 61 08 03 | Fax : +269 2 69 62 16 68",https://greta.ac-mayotte.fr/,greta
hypotheque-97611-01,Conservation de la Propriété immobilière (SPF) - Mamoudzou,cpi.mamoudzou@dgfip.finances.gouv.fr,"Adresse : 20 rue de l'Hôpital - BP 501,97600,Mamoudzou | Tél : 0 269 61 81 10 | Fax : ",http://www.impots.gouv.fr,hypotheque
maia-97611-01,Mission d'accueil et d'information des associations (Maia) - Mayotte,pascale.gatineau@drjscs.gouv.fr,"Adresse : BP 104 - DJSCS - Centre commercial Maharajah  - Bât. A et B - Kaweni - Rue de l'Archipel,97600,Mamoudzou | Tél : +269 269 61 60 50 | Fax : ",http://www.associations.gouv.fr,maia
mairie-97601-01,Mairie - Acoua,mairie.acoua@orange.fr,"Adresse : Place de la Mairie,97630,Acoua | Tél : +269 2 69 62 18 81 | Fax : ",,mairie
mairie-97602-01,Mairie - Bandraboua,secretariat.direction@mairie-bandraboua.fr,"Adresse : 238  rue de lHôtel-de-Ville - BP 48,97650,Bandraboua | Tél : +269 2 69 62 54 18 | Fax : +269 2 69 62 54 17",http://www.mairie-bandraboua.fr,mairie
mairie-97603-01,Mairie - Bandrele (Mayotte),contact@bandrele.yp,"Adresse : 9 place de la Mairie,97660,Bandrele | Tél : +269 2 69 62 19 81 | Fax : +269 2 69 62 05 97",,mairie
mairie-97604-01,Mairie - Bouéni,contact@boueni.fr,"Adresse : 2 rue de la Fraternité,97620,Bouéni | Tél : +269 2 69 62 16 31 | Fax : +262 2 62 62 05 23",,mairie
mairie-97605-01,Mairie - Chiconi,mairie@villedechiconi.fr,"Adresse : Route du Stade - BP 01,97670,Chiconi | Tél : +262 269 62 16 90 | Fax : +262 269 62 30 49",http://www.villedechiconi.fr,mairie
mairie-97606-01,Mairie - Chirongui,cecile.hammerer@chirongui.yt,"Adresse : Place de l'Hôtel-de-Ville,97620,Chirongui | Tél : +269 2 69 62 18 03 | Fax : +269 2 69 62 07 30",,mairie
mairie-97607-01,Mairie - Dembeni,mairie-de-dembeni@wanadoo.fr,"Adresse : Place de la Mairie,97660,Dembeni | Tél : +269 269 62 15 81 | Fax : +269 269 62 09 95",,mairie
mairie-97608-01,Mairie - Dzaoudzi,mairie@dzaoudzi-labattoir.fr,"Adresse : Rue de l'Hôtel-de-Ville - BP 93,97610,Dzaoudzi-Labattoir | Tél : 02 69 60 11 75 | Fax : 026 9 60 26 16",,mairie
mairie-97609-01,Mairie - Kani-Kéli,mairie-de-kani-keli@wanadoo.fr,"Adresse : 1 rue de la Mairie,97625,Kani-Kéli | Tél : +262 2 69 62 17 31 | Fax : +262 2 69 62 25 17",,mairie
mairie-97610-01,Mairie - Koungou,service-dg@koungou.fr,"Adresse : 1 place de La Liberté,97690,Koungou | Tél : +269 2 69 61 42 42 | Fax : +269 2 69 63 88 78",,mairie
mairie-97611-01,Mairie - Mamoudzou,service.courrier.etc@mairiedemamoudzou.fr,"Adresse : Boulevard Halidi-Selemani - BP 01,97600,Mamoudzou | Tél : +262 2 69 63 91 00 | Fax : +262 2 69 63 91 34",,mairie
mairie-97612-01,Mairie - Mtsamboro,mairie@mairie-mtsamboro.fr,"Adresse : 170 avenue de la Mairie - BP 115,97630,Mtsamboro | Tél : +262 2 69 62 19 50 | Fax : +262 2 69 62 19 60",http://www.mairie-mtsamboro.fr,mairie
mairie-97613-01,Mairie - M'Tsangamouji,mairiedemtsangamouji@orange.fr,"Adresse : 1 place de la Mairie,97650,M'Tsangamouji | Tél : +269 2 69 62 15 20 | Fax : +269 2 69 62 00 21",http://www.mtsangamouji.fr,mairie
mairie-97614-01,Mairie - Ouangani,mairie-ouangani@wanadoo.fr,"Adresse : Place Zakia-Madi,97670,Ouangani | Tél : +269 2 69 62 30 15 | Fax : +269 2 69 62 30 10",http://www.ouangani.fr,mairie
mairie-97615-01,Mairie - Pamandzi,mairie@mairie-pamandzi.fr,"Adresse : Place de la Mairie - BP 55,97615,Pamandzi | Tél : +269 2 69 60 12 82 | Fax : +269 2 69 60 06 89",http://www.mairiedepamandzi.com,mairie
mairie-97616-01,Mairie - Sada,contact@mairiedesada.fr,"Adresse : Hôtel de ville - BP 107,97640,Sada | Tél : +269 2 69 62 08 08 | Fax : +269 2 69 62 12 54",,mairie
mairie-97617-01,Mairie - Tsingoni,secretariat@mairie-de-tsingoni.fr,"Adresse : Place Zoubert-Adinani - BP 35,97680,Tsingoni | Tél : +269 2 69 62 17 91 | Fax : +269 2 69 61 76 82",,mairie
paierie_departementale-97611-02,Paierie départementale - Mayotte,t106090@dgfip.finances.gouv.fr,"Adresse : Rond-point El-Farouk - Kaweni - BP 501,97600,Mamoudzou | Tél : +269 2 69 64 86 10 | Fax : +269 2 69 64 86 33",http://www.impots.gouv.fr,paierie_departementale
rectorat-97611-01,Vice-rectorat - Mayotte,vice-rectorat@ac-mayotte.fr,"Adresse : Rue Sarahangué - BP 76,97600,Mamoudzou | Tél : +269 2 69 61 10 24 | Fax : +269 2 69 61 09 87",http://www.ac-mayotte.fr,rectorat
sie-97611-01,Service des impôts des entreprises du centre des finances publiques de Mamoudzou,sie.mamoudzou@dgfip.finances.gouv.fr,"Adresse : BP 501 - 20 rue de l'Hôpital,97600,Mamoudzou | Tél : +269 269 61 81 10 | Fax : ",http://www.impots.gouv.fr,sie
tresorerie-97611-01,Trésorerie municipale de Mamoudzou,t106001@dgfip.finances.gouv.fr,"Adresse : Rond-point El-farouk - Kaweni - BP 501,97600,Mamoudzou | Tél : +269 2 69 61 13 79 | Fax : ",http://www.impots.gouv.fr,tresorerie
gendarmerie-97701-01,Brigade de gendarmerie - Saint-Barthélémy,bta.st-barthelemy@gendarmerie.interieur.gouv.fr,"Adresse : Fort Oscar - Gustavia,97133,Saint-Barthélemy | Tél : +590 27 11 70 | Fax : +590 27 11 75",,gendarmerie
mairie_com-97701-01,Collectivité - Saint-Barthélemy,contact@comstbarth.fr,"Adresse : Lieu-dit La Pointe-Gustavia - BP 113,97133,Saint-Barthélemy | Tél : +590 590 29 80 40 | Fax : +590 590 27 71 77",http://www.comstbarth.fr,mairie
prefecture-97701-01,Représentation de l'État - annexe de Saint-Barthélémy,prefecturesxm@guadeloupe.pref.gouv.fr,"Adresse : Rue Lubin-Brin - BP 635 - Gustavia,97099,Saint-Barthélémy Cedex | Tél : +590 590 27 64 10 | Fax : +590 590 27 71 65",http://saint-barth-saint-martin.pref.gouv.fr,prefecture
gendarmerie-97801-01,Brigade de gendarmerie - Saint-Martin-Orléans,cob.st-martin@gendarmerie.interieur.gouv.fr,"Adresse : Quartier d'Orléans - 1 Rue de Brittain,97150,Saint-Martin | Tél : +590 52 35 95 | Fax : +590 52 35 99",,gendarmerie
gendarmerie-97801-02,Brigade de gendarmerie - Saint-Martin-Marigot,cob.st-martin@gendarmerie.interieur.gouv.fr,"Adresse : 7 Rue Ann Mary Spring - Concordiat,97150,Saint-Martin | Tél : +590 52 21 90 | Fax : +590 52 21 99",,gendarmerie
prefecture-97801-01,Représentation de l'État - annexe de Saint-Martin,prefecturesxm@saint-barth-saint-martin.gouv.fr,"Adresse : Route du Fort-Louis,97150,Saint-Martin | Tél : +590 590 29 09 21 | Fax : +590 590 87 53 95",http://saint-barth-saint-martin.pref.gouv.fr,prefecture
gendarmerie-98612-01,Brigade de gendarmerie - Futuna,bta.futuna@gendarmerie.interieur.gouv.fr,"Adresse : Île Futuna,98620,Sigave | Tél : +681 72 32 17 | Fax : +681 72 33 33",http://www.gendarmerie.interieur.gouv.fr,gendarmerie
gendarmerie-98613-01,Brigade de gendarmerie - Wallis,bta.wallis@gendarmerie.interieur.gouv.fr,"Adresse : Île Uvea - Zone de Mata'Utu - Îles Wallis,98600,Uvea | Tél : +681 72 09 00 | Fax : +681 72 09 09",http://www.gendarmerie.interieur.gouv.fr,gendarmerie
maia-98613-01,Mission d'accueil et d'information des associations (Maia) - Wallis-et-Futuna,jeusport@mail.wf,"Adresse : Administrateur supérieur des Iles de Wallis-et-Futuna - BP 51 - Mata-Utu - Service territorial de la jeunesse et des sports,98600,Uvea | Tél : +681 72 21 88 | Fax : +681 72 23 22",http://www.associations.gouv.fr,maia
bsn-98735-01,Centre du service national - Polynésie Française,csn-jdc.ppt@armees-polynesie.pf,"Adresse : BP 9240 - Caserne du lieutenant colonel Broche,98715,Papeete CMP Tahiti | Tél : + 689 46 31 41 | Fax : + 689 46 31 40",https://www.defense.gouv.fr/jdc,bsn
cdg-98735-01,Centre de gestion et de formation de la Polynésie française,cgf@cgf.pf,"Adresse : BP 40267 - Fare Tony - Mamao avenue G. Clémenceau,98713,Papeete | Tél : 689 40 54 78 10 | Fax : ",http://www.cgf.pf,cdg
gendarmerie-98712-01,Brigade de gendarmerie - Arue,bta.arue@gendarmerie.interieur.gouv.fr,"Adresse : Île de Tahiti - PK 8200 - Col du Tahara'a - Îles-du-Vent,98701,Arue | Tél : +689 40 50 73 05 | Fax : +689 40 50 73 07",http://www.gendarmerie.interieur.gouv.fr,gendarmerie
gendarmerie-98714-01,Brigade de gendarmerie - Bora Bora,bta.bora-bora@gendarmerie.interieur.gouv.fr,"Adresse : Île de Bora Bora - Zone de Vaitape - Îles-Sous-le Vent,98730,Bora Bora | Tél : +689 40 60 59 05 | Fax : +689 40 60 59 07",http://www.gendarmerie.interieur.gouv.fr,gendarmerie
gendarmerie-98715-01,Brigade de gendarmerie - Faaa,bta.faaa@gendarmerie.interieur.gouv.fr,"Adresse : Île de Tahiti - Camp de Faa'a - Route de Ceinture,98704,Faaa | Tél : +689 40 46 72 00 | Fax : +689 40 46 72 09",http://www.gendarmerie.interieur.gouv.fr,gendarmerie
gendarmerie-98719-01,Brigade de gendarmerie - Rikitéa,bta.rikitea@gendarmerie.interieur.gouv.fr,"Adresse : Île de Mangareva - District de Rikitéa - Archipel des Gambier,98755,Gambier | Tél : +689 40 97 82 68 | Fax : +689 40 97 82 70",http://www.gendarmerie.interieur.gouv.fr,gendarmerie
gendarmerie-98720-01,Brigade de gendarmerie - Hao,bta.hao@gendarmerie.interieur.gouv.fr,"Adresse : Île de Hao - Zone de Otepa - Archipel des Tuamotu,98767,Hao | Tél : +689 40 93 50 50 | Fax : +689 40 93 50 52",http://www.gendarmerie.interieur.gouv.fr,gendarmerie
gendarmerie-98724-01,Brigade de gendarmerie - Huahine,bta.huahine@gendarmerie.interieur.gouv.fr,"Adresse : Île de Huahine - District de Faré - Îles-Sous-le Vent,98731,Huahine | Tél : +689 40 60 62 05 | Fax : +689 40 60 62 07",http://www.gendarmerie.interieur.gouv.fr,gendarmerie
gendarmerie-98733-01,Brigade de gendarmerie - Paea,bta.paea@gendarmerie.interieur.gouv.fr,"Adresse : Île de Tahiti - RT 1 - PK 20,8 - côté Montagne Îles-du-Vent,98711,Paea | Tél : +689 40 50 75 05 | Fax : +689 40 50 75 08",http://www.gendarmerie.interieur.gouv.fr,gendarmerie
gendarmerie-98734-01,Brigade de gendarmerie - Papara,bta.papara@gendarmerie.interieur.gouv.fr,"Adresse : Île de Tahiti - PK 36,5 - Îles-du-Vent,98712,Papara | Tél : +689 54 80 05 | Fax : +689 54 80 08",http://www.gendarmerie.interieur.gouv.fr,gendarmerie
gendarmerie-98735-01,Brigade de gendarmerie - Tuamotu-Centre,bta.tuamotu-centre@gendarmerie.interieur.gouv.fr,"Adresse : Île de Tahiti - Caserne Bruat - Avenue Pouvanaa,98714,Papeete | Tél : +689 40 46 74 30 | Fax : +689 40 46 74 28",http://www.gendarmerie.interieur.gouv.fr,gendarmerie
gendarmerie-98738-01,Brigade de gendarmerie - Punaauia,bta.punaauia@gendarmerie.interieur.gouv.fr,"Adresse : Île de Tahiti - PK 14,7 - Pointe des Pêcheurs - Îles-du-Vent,98703,Punaauia | Tél : +689 40 50 76 05 | Fax : +689 40 50 76 07",http://www.gendarmerie.interieur.gouv.fr,gendarmerie
gendarmerie-98739-01,Brigade de gendarmerie - Raivavae,bta.raivavae@gendarmerie.interieur.gouv.fr,"Adresse : Île de Raivavae - Zone de Rairua - Archipel des Australes,98750,Raivavae | Tél : +689 40 95 42 30 | Fax : +689 40 95 44 73",http://www.gendarmerie.interieur.gouv.fr,gendarmerie
gendarmerie-98743-01,Brigade de gendarmerie - Rimatara,bta.rimatara@gendarmerie.interieur.gouv.fr,"Adresse : Zone d'Amaru - Archipel des Australes,98752,Rimatara | Tél : +689 40 94 42 90 | Fax : +689 40 94 42 94",http://www.gendarmerie.interieur.gouv.fr,gendarmerie
gendarmerie-98744-01,Brigade de gendarmerie - Rurutu,bta.rurutu@gendarmerie.interieur.gouv.fr,"Adresse : Île de Rurutu - Archipel des Australes,98753,Rurutu | Tél : +689 40 93 02 05 | Fax : +689 40 93 02 07",http://www.gendarmerie.interieur.gouv.fr,gendarmerie
gendarmerie-98745-01,Brigade de gendarmerie - Tahaa,bta.tahaa@gendarmerie.interieur.gouv.fr,"Adresse : Île de Taha'a - Zone de Patio - Îles-Sous-le Vent,98733,Tahaa | Tél : +689 40 60 81 05 | Fax : +689 40 60 81 07",http://www.gendarmerie.interieur.gouv.fr,gendarmerie
gendarmerie-98753-01,Brigade de gendarmerie - Tubuai,bta.tubuai@gendarmerie.interieur.gouv.fr,"Adresse : Île de Tubuai - Zone de Mataura - Archipel des Australes,98754,Tubuai | Tél : +689 40 93 22 05 | Fax : +689 40 93 22 08",http://www.gendarmerie.interieur.gouv.fr,gendarmerie
gendarmerie-98757-01,Brigade de gendarmerie - Ua-Pou,bta.ua-pou@gendarmerie.interieur.gouv.fr,"Adresse : Île de Ua-Pou - Zone Zone de Hakahau - Îles Marquises,98745,Ua Pou | Tél : +689 40 91 53 05 | Fax : +689 40 93 53 08",http://www.gendarmerie.interieur.gouv.fr,gendarmerie
gendarmerie-98758-01,Brigade de gendarmerie - Raïatea,bta.raiatea@gendarmerie.interieur.gouv.fr,"Adresse : Île de Raïatea - Îles-Sous-le Vent,98735,Uturoa | Tél : +689 40 60 03 05 | Fax : +689 40 60 03 07",http://www.gendarmerie.interieur.gouv.fr,gendarmerie
maia-98735-01,Mission d'accueil et d'information des associations (Maia)  - Polynésie française,gerard.dubois@jeunesse.gov.pf,"Adresse : BP 67 - Mission d'aide et d'assistance technique - S.J.S Polynésie française,98713,Papeete - Tahiti | Tél : +689 42 86 43 | Fax : +689 42 86 43",http://www.associations.gouv.fr/,maia
mairie_com-98714-01,Mairie - Bora-Bora,mairieborabora@mail.pf,"Adresse : Hôtel de Ville - Îles-sous-le-Vent,98730,Bora Bora | Tél : | Fax : +689 67 74 42",,mairie
mairie_com-98724-01,Mairie - Huahine,mairie2fare@mail.pf,"Adresse : Hôtel de Ville - Îles-sous-le-Vent,98731,Huahine | Tél : | Fax : +689 60 63 20",http://www.ville-huahine.pf,mairie
mairie_com-98728-01,Mairie - Maupiti,courrier@commune-maupiti.pf,"Adresse : Hôtel de Ville - Îles-sous-le-Vent,98732,Maupiti | Tél : +689 40 60 15 55 | Fax : +689 40 67 81 02",,mairie
mairie_com-98729-01,Mairie - Moorea-Maiao,courrier@commune-moorea.pf,"Adresse : Afareaitu - Hôtel de Ville - Îles-du-Vent,98728,Moorea-Maiao | Tél : +689 55 04 55 | Fax : +689 56 19 26",http://www.commune-moorea.pf,mairie
mairie_com-98734-01,Mairie - Papara,mairie@papara.pf,"Adresse : Îles-du-Vent - BP 12 050,98712,Papara | Tél : +689 54 75 47 | Fax : +689 57 37 78",https://www.facebook.com/MairieDePapara/,mairie
mairie_com-98735-01,Mairie - Papeete,charbo2@caramail.com,"Adresse : Îles-du-Vent - Rue Gauguin - BP 106,98714,Papeete | Tél : 40 415 700 | Fax : 40 45 46 36",http://www.ville-papeete.pf,mairie
mairie_com-98745-01,Mairie - Tahaa (Îles-sous-le-Vent),courrier@commune-tahaa.pf,"Adresse : Îles-sous-le-Vent - Hôtel de Ville,98733,Tahaa | Tél : 40 60 80 80 | Fax : 40 65 62 37",https://spc.pf/iles-sous-vent/tahaa,mairie
mairie_com-98750-01,Mairie - Taputapuatea,courrier@commune-taputapuatea.pf,"Adresse : Hôtel de Ville - Îles-sous-le-Vent,98735,Taputapuatea | Tél : | Fax : +689 66 29 45",,mairie
mairie_com-98752-01,Mairie - Teva I Uta,mairie@commune-tevaiuta.pf,"Adresse : Îles-du-Vent - Hôtel de Ville,98726,Mataiea - Tahiti | Tél : +689 40 57 42 22 | Fax : +689 40 57 33 50",https://www.commune-tevaiuta.pf/,mairie
mairie_com-98754-01,Mairie - Tumaraa,courrier@commune-tumaraa.pf,"Adresse : Hôtel de Ville - Îles-sous-le-Vent,98734,Tumaraa | Tél : | Fax : +689 66 29 32",,mairie
mairie_com-98758-01,Mairie - Uturoa,courrier@commune-uturoa.pf,"Adresse : Hôtel de Ville - Îles-sous-le-Vent,98735,Uturoa | Tél : | Fax : ",,mairie
suio-98715-01,Service universitaire d'information et d'orientation (SUIO) - Université Polynésie française,courrier@upf.pf,"Adresse : Campus d'Outumaoro - Punaauia - BP 6570,98702,Faa'a | Tél : +689 40 80 38 03 | Fax : +689 40 80 38 04",http://www.upf.pf,suio
bsn-98818-01,Centre du service national - Nouvelle Calédonie,csnoumea@lagoon.nc,"Adresse : BP 38 - Caserne Gally-Passebosc - Rue Olry,98843,Nouméa Cedex | Tél : + 687 29 28 78 | Fax : + 687 29 28 76",https://www.defense.gouv.fr/jdc,bsn
bureau_de_douane-98818-01,Bureau de douane - Nouméa - Port,port-noumea@douane.finances.gouv.fr,"Adresse : BP 13 - Port autonome - avenue James Cook,98845,Nouméa | Tél : +687 26 53 80 | Fax : +687 26 53 19",,bureau_de_douane
bureau_de_douane-98818-02,Bureau de douane - Tontouta - Aéroport,aero-tontouta@douane.finances.gouv.fr,"Adresse : BP 10 - Tontouta Aéroport,98840,Tontouta | Tél : +687 35 21 65 | Fax : ",,bureau_de_douane
gendarmerie-98802-01,Brigade de gendarmerie - Bouloupari,bta.bouloupari@gendarmerie.interieur.gouv.fr,"Adresse : Village - 72 Voie Urbaine 18,98812,Bouloupari | Tél : +687 44 88 35 | Fax : +687 44 88 37",http://www.gendarmerie.interieur.gouv.fr,gendarmerie
gendarmerie-98803-01,Brigade de gendarmerie - Bourail,bta.bourail@gendarmerie.interieur.gouv.fr,"Adresse : Village - 73 Rue Sacot,98870,Bourail | Tél : +687 44 88 10 | Fax : ",http://www.gendarmerie.interieur.gouv.fr,gendarmerie
gendarmerie-98804-01,Brigade de gendarmerie - Canala,bta.canala@gendarmerie.interieur.gouv.fr,"Adresse : Village - 5 Rue Cawidrone Malo,98813,Canala | Tél : +687 44 87 75 | Fax : +687 44 87 77",http://www.gendarmerie.interieur.gouv.fr,gendarmerie
gendarmerie-98805-01,Brigade de gendarmerie - Dumbéa,bta.dumbea@gendarmerie.interieur.gouv.fr,"Adresse : 14 Avenue Numa Joubert Koutio,98830,Dumbéa Cedex | Tél : +687 44 87 00 | Fax : +687 44 87 07",http://www.gendarmerie.interieur.gouv.fr,gendarmerie
gendarmerie-98807-01,Brigade de gendarmerie - Hienghène,bta.hienghene@gendarmerie.interieur.gouv.fr,"Adresse : Village - Route Provinciale 3,98815,Hienghène | Tél : +687 47 89 80 | Fax : +687 47 89 84",http://www.gendarmerie.interieur.gouv.fr,gendarmerie
gendarmerie-98808-01,Brigade de gendarmerie - Houaïlou,bta.houailou@gendarmerie.interieur.gouv.fr,"Adresse : Village - Lotissement 14,98816,Houaïlou | Tél : +687 44 87 90 | Fax : ",http://www.gendarmerie.interieur.gouv.fr,gendarmerie
gendarmerie-98809-01,Brigade de gendarmerie - L'Île-des-Pins,bta.l-ile-des-pins@gendarmerie.interieur.gouv.fr,"Adresse : Île des Pins - Zone Kuto - Îles Loyauté,98832,Vao | Tél : +687 44 87 85 | Fax : +687 44 87 87",http://www.gendarmerie.interieur.gouv.fr,gendarmerie
gendarmerie-98810-01,Brigade de gendarmerie - Kaala-Gomen,cob.koumac@gendarmerie.interieur.gouv.fr,"Adresse : Village,98817,Kaala Gomen | Tél : +687 47 89 55 | Fax : +687 47 89 53",http://www.gendarmerie.interieur.gouv.fr,gendarmerie
gendarmerie-98811-01,Brigade de gendarmerie - Koné,bta.kone@gendarmerie.interieur.gouv.fr,"Adresse : Village - 59 Rue du grand chef Noël,98860,Koné | Tél : +687 47 89 15 | Fax : ",http://www.gendarmerie.interieur.gouv.fr,gendarmerie
gendarmerie-98812-01,Brigade de gendarmerie - Koumac,cob.koumac@gendarmerie.interieur.gouv.fr,"Adresse : Lotissement Municipal - Rue Louise Maignan,98850,Koumac | Tél : +687 47 89 50 | Fax : ",http://www.gendarmerie.interieur.gouv.fr,gendarmerie
gendarmerie-98813-01,Brigade de gendarmerie - La-Foa,bta.la-foa@gendarmerie.interieur.gouv.fr,"Adresse : 95 Route Territoriale 1,98880,La Foa | Tél : +687 44 87 50 | Fax : +687 44 87 61",http://www.gendarmerie.interieur.gouv.fr,gendarmerie
gendarmerie-98817-01,Brigade de gendarmerie - Plum,cob.pont-des-francais@gendarmerie.interieur.gouv.fr,"Adresse : 01124 Route du Sud - Plum,98810,Le Mont-Dore Cedex | Tél : +687 44 87 70 | Fax : ",http://www.gendarmerie.interieur.gouv.fr,gendarmerie
gendarmerie-98817-02,Brigade de gendarmerie - Pont-des-Français,cob.pont-des-francais@gendarmerie.interieur.gouv.fr,"Adresse : 143 Route de Yahoué - Pont-des-Français,98810,Le Mont-Dore Cedex | Tél : +687 44 87 26 | Fax : +687 44 87 33",http://www.gendarmerie.interieur.gouv.fr,gendarmerie
gendarmerie-98819-01,Brigade de gendarmerie - Ouégoa,bta.ouegoa@gendarmerie.interieur.gouv.fr,"Adresse : Village - Voie Urbaine 12,98821,Ouégoa | Tél : +687 47 89 60 | Fax : +687 47 89 62",http://www.gendarmerie.interieur.gouv.fr,gendarmerie
gendarmerie-98820-01,Brigade de gendarmerie - Fayaoue,bta.fayaoue@gendarmerie.interieur.gouv.fr,"Adresse : Îles Loyauté - Ouvéa,98814,Fayaoue | Tél : +687 45 53 10 | Fax : +687 45 53 12",http://www.gendarmerie.interieur.gouv.fr,gendarmerie
gendarmerie-98821-01,Brigade de gendarmerie - Païta,bta.paita@gendarmerie.interieur.gouv.fr,"Adresse : Quartier Païta-Sud - 16 Route Territoriale 1,98890,Paita | Tél : +687 44 87 36 | Fax : +687 44 87 44",http://www.gendarmerie.interieur.gouv.fr,gendarmerie
gendarmerie-98822-01,Brigade de gendarmerie - Poindimié,bta.poindimie@gendarmerie.interieur.gouv.fr,"Adresse : Village - 68 Voie Urbaine 13,98822,Poindimié | Tél : +687 47 89 00 | Fax : ",http://www.gendarmerie.interieur.gouv.fr,gendarmerie
gendarmerie-98823-01,Brigade de gendarmerie - Ponérihouen,bta.ponerihouen@gendarmerie.interieur.gouv.fr,"Adresse : Village,98823,Ponerihouen | Tél : +687 47 89 35 | Fax : +687 47 89 38",http://www.gendarmerie.interieur.gouv.fr,gendarmerie
gendarmerie-98824-01,Brigade de gendarmerie - Pouébo,bta.pouebo@gendarmerie.interieur.gouv.fr,"Adresse : Village,98824,Pouebo | Tél : +687 47 89 65 | Fax : +687 47 89 68",http://www.gendarmerie.interieur.gouv.fr,gendarmerie
gendarmerie-98826-01,Brigade de gendarmerie - Poum,bta.poum@gendarmerie.interieur.gouv.fr,"Adresse : Lotissement Municipal,98826,Poum | Tél : +687 47 89 30 | Fax : +687 47 89 32",http://www.gendarmerie.interieur.gouv.fr,gendarmerie
gendarmerie-98827-01,Brigade de gendarmerie - Poya,bta.poya@gendarmerie.interieur.gouv.fr,"Adresse : Village - 27 Route Territoriale 1,98827,Poya | Tél : +687 45 53 05 | Fax : +687 45 53 07",http://www.gendarmerie.interieur.gouv.fr,gendarmerie
gendarmerie-98829-01,Brigade de gendarmerie - Thio,bta.thio@gendarmerie.interieur.gouv.fr,"Adresse : Village,98829,Thio | Tél : +687 44 88 30 | Fax : ",http://www.gendarmerie.interieur.gouv.fr,gendarmerie
gendarmerie-98830-01,Brigade de gendarmerie - Touho,bta.touho@gendarmerie.interieur.gouv.fr,"Adresse : Village - Route Provinciale 10,98831,Touho | Tél : +687 47 89 75 | Fax : ",http://www.gendarmerie.interieur.gouv.fr,gendarmerie
gendarmerie-98831-01,Brigade de gendarmerie - Voh,bta.voh@gendarmerie.interieur.gouv.fr,"Adresse : Village,98833,Voh | Tél : +687 35 57 17 | Fax : ",http://www.gendarmerie.interieur.gouv.fr,gendarmerie
gendarmerie-98832-01,Brigade de gendarmerie - Yaté,bta.yate@gendarmerie.interieur.gouv.fr,"Adresse : Village,98834,Yate | Tél : +687 44 87 80 | Fax : +687 44 87 82",http://www.gendarmerie.interieur.gouv.fr,gendarmerie
gendarmerie-98833-01,Brigade de gendarmerie - Kouaoua,bta.kouaoua@gendarmerie.interieur.gouv.fr,"Adresse : Village S.L.N.,98818,Kouaoua | Tél : +687 45 53 20 | Fax : +687 45 53 19",http://www.gendarmerie.interieur.gouv.fr,gendarmerie
greta-98818-01,Greta interprovincial de Nouvelle-Calédonie,greta.noumea@ac-noumea.nc,"Adresse : BP K2 - Lycée Pétro Attiti - 15 rue Teilhard de Chardin - Rivière salée,98849,Nouméa cedex | Tél : (687) 41 50 39 | Fax : ",http://www.greta.nc,greta
maia-98818-01,Mission d'accueil et d'information des associations (Maia) - Nouvelle-Calédonie,pierre.forest@gouv.nc,"Adresse : Avenue Jean-Jaurès - BP 810 23,98845,Nouméa Cedex | Tél : +687 25 23 84 | Fax : ",http://www.associations.gouv.fr,maia
mairie_com-98801-01,Mairie - Belep,belema@canl.nc,"Adresse : ,98811,Belep | Tél : +687 47 69 16 | Fax : +687 47 69 23",,mairie
mairie_com-98802-01,Mairie - Bouloupari,mairie.boulouparis@lagoon.nc,"Adresse : Voie urbaine 18,98812,Bouloupari | Tél : +687 35 17 06 | Fax : +687 35 18 64",,mairie
mairie_com-98803-01,Mairie - Bourail,bourail@offratel.nc,"Adresse : BP 922 - Drémon - Rue Simone,98870,Bourail | Tél : +687 44 11 16 | Fax : +687 44 70 33",http://www.mairie-bourail.nc,mairie
mairie_com-98804-01,Mairie - Canala,accueil@mairie-canala.nc,"Adresse : 1, rue Marcel Nonnaro,98813,Canala | Tél : +687 42 31 09 | Fax : +687 42 32 67",http://www.mairie-canala.nc,mairie
mairie_com-98805-01,Mairie - Dumbéa,courrier@mairie-dumbea.nc,"Adresse : Nimba - RT 1,98835,Dumbéa | Tél : +687 41 40 00 | Fax : +687 41 80 40",http://www.ville-dumbea.nc,mairie
mairie_com-98806-01,Mairie - Farino,mairiefarino@canl.nc,"Adresse : ,98880,Farino | Tél : +687 44 31 04 | Fax : +687 44 35 10",http://www.mairie-farino.com,mairie
mairie_com-98807-01,Mairie - Hienghène,mairie-hienghene@canl.nc,"Adresse : BP 71,98815,Hienghène | Tél : +687 42 81 19 | Fax : +687 42 81 52",,mairie
mairie_com-98808-01,Mairie - Houaïlou,mairie-houailou@lagoon.nc,"Adresse : Lot 22, village,98816,Houaïlou | Tél : +687 42 52 20 | Fax : +687 42 60 70",,mairie
mairie_com-98809-01,Mairie - Île-des-Pins,mairie-pins@canl.nc,"Adresse : BP 87,98832,L'Île-des-Pins | Tél : +687 46 11 03 | Fax : +687 46 12 59",,mairie
mairie_com-98810-01,Mairie - Kaala-Gomen,kaalagomen@lagoon.nc,"Adresse : BP 134,98817,Kaala-Gomen | Tél : +687 47 67 15 | Fax : +687 47 10 13",,mairie
mairie_com-98811-01,Mairie - Koné,mairie-kone@canl.nc,"Adresse : BP 6,98860,Koné | Tél : +687 47 22 06 | Fax : +687 47 20 86",,mairie
mairie_com-98812-01,Mairie - Koumac,accueil@mairie-koumac.nc,"Adresse : Avenue Émile-Frouin,98850,Koumac | Tél : +687 47 61 08 | Fax : +687 47 73 73",http://www.mairie-koumac.nc,mairie
mairie_com-98813-01,Mairie - La Foa,mairielafoa@lagoon.nc,"Adresse : Angle RT1 et Rue Gally-Passebosc - BP 46,98880,La Foa | Tél : +687 44 31 13 | Fax : +687 44 36 39",http://www.lafoa.nc,mairie
mairie_com-98814-01,Mairie - Lifou,mairielifou@lagoon.nc,"Adresse : BP 18,98820,Wé Lifou | Tél : +687 45 50 00 | Fax : +687 45 50 03",,mairie
mairie_com-98815-01,Mairie - Maré,mairie-mare@canl.nc,"Adresse : BP 153 - Tadine,98828,Maré | Tél : +687 45 41 07 | Fax : +687 45 40 39",,mairie
mairie_com-98816-01,Mairie - Moindou,mairie-moindou@canl.nc,"Adresse : ,98819,Moindou | Tél : +687 44 33 35 | Fax : +687 44 34 74",,mairie
mairie_com-98819-01,Mairie - Ouégoa,tous-services@mairie-de-ouegoa.nc,"Adresse : BP 4,98821,Ouégoa | Tél : +687 47 64 05 | Fax : +687 47 65 73",,mairie
mairie_com-98820-01,Mairie - Ouvéa,mairie-ouvea@canl.nc,"Adresse : BP 48,98814,Ouvéa | Tél : +687 45 71 11 | Fax : +687 45 70 24",,mairie
mairie_com-98821-01,Mairie - Païta,secretariat.general@ville-paita.nc,"Adresse : BP 7,98890,Païta | Tél : +687 35 21 11 | Fax : +687 35 30 47",http://www.paita.nc,mairie
mairie_com-98822-01,Mairie - Poindimié,tousservices@mairie-poindimie.nc,"Adresse : BP 9,98822,Poindimié | Tél : +687 42 60 10 | Fax : +687 42 74 19",,mairie
mairie_com-98823-01,Mairie - Ponérihouen,mairie-ponerihouen@canl.nc,"Adresse : Hôtel de ville - Village,98823,Ponérihouen | Tél : +687 42 85 02 | Fax : +687 42 85 66",,mairie
mairie_com-98825-01,Mairie - Pouembout,mairpbout@canl.nc,"Adresse : BP 43,98825,Pouembout | Tél : +687 47 70 00 | Fax : +687 47 24 33",http://www.mairiepouembout.com,mairie
mairie_com-98826-01,Mairie - Poum,communepoum@lagoon.nc,"Adresse : ,98826,Poum | Tél : +687 47 61 85 | Fax : +687 47 69 13",,mairie
mairie_com-98827-01,Mairie - Poya,mairie-poya@lagoon.nc,"Adresse : BP 90,98827,Poya | Tél : +687 47 17 11 | Fax : +687 47 18 00",http://www.commune-poya.com,mairie
mairie_com-98828-01,Mairie - Sarraméa,mairie-sarramea@lagoon.nc,"Adresse : ,98880,Sarraméa | Tél : +687 44 31 34 | Fax : +687 44 36 06",,mairie
mairie_com-98829-01,Mairie - Thio,mairie@mairie-thio.nc,"Adresse : Rue du Gouverneur-Feuillet,98829,Thio | Tél : +687 44 52 20 | Fax : +687 44 53 78",http://www.thio.nc,mairie
mairie_com-98830-01,Mairie - Touho,tousservices@mairie-touho.nc,"Adresse : BP 04 - RP 3,98831,Touho | Tél : +687 42 88 07 | Fax : +687 42 87 51",,mairie
mairie_com-98831-01,Mairie - Voh,accueil@mairie-voh.nc,"Adresse : BP 32,98833,Voh | Tél : +687 47 84 00 | Fax : +687 47 28 48",,mairie
mairie_com-98832-01,Mairie - Yaté,mairie-yate@canl.nc,"Adresse : BP 4,98834,Yaté | Tél : +687 46 41 16 | Fax : +687 46 41 72",,mairie
mairie_com-98833-01,Mairie - Kouaoua,mairiekouaoua@canl.nc,"Adresse : Village,98818,Kouaoua | Tél : +687 42 64 64 | Fax : +687 42 45 34",,mairie
autorite-administrative-independante_171889,Agence française de lutte contre le dopage (AFLD),info@afld.fr,,https://lannuaire.service-public.fr/autorites-independantes/autorite-administrative-independante_171889,autorite-administrative-independante
autorite-administrative-independante_171978,Autorité de contrôle des nuisances aéroportuaires (ACNUSA),contact@acnusa.fr,,https://lannuaire.service-public.fr/autorites-independantes/autorite-administrative-independante_171978,autorite-administrative-independante
autorite-administrative-independante_172039,Autorité de régulation des communications électroniques et des postes (ARCEP),com@arcep.fr,,https://lannuaire.service-public.fr/autorites-independantes/autorite-administrative-independante_172039,autorite-administrative-independante
autorite-administrative-independante_172188,Autorité de la concurrence,communication@autoritedelaconcurrence.fr,,https://lannuaire.service-public.fr/autorites-independantes/autorite-administrative-independante_172188,autorite-administrative-independante
autorite-administrative-independante_781913,Autorité de régulation de la distribution de la presse (ARDP),secretariat@ardpresse.fr,,https://lannuaire.service-public.fr/autorites-independantes/autorite-administrative-independante_781913,autorite-administrative-independante
autorite-publique-independante_800145,Autorité de régulation des activités ferroviaires et routières (ARAFER),presse@arafer.fr,,https://lannuaire.service-public.fr/autorites-independantes/autorite-publique-independante_800145,autorite-publique-independante
autorite-administrative-independante_192796,Autorité de régulation des jeux en ligne (ARJEL),contact@arjel.fr,,https://lannuaire.service-public.fr/autorites-independantes/autorite-administrative-independante_192796,autorite-administrative-independante
autorite-administrative-independante_172012,Autorité des marchés financiers (AMF),accesdopers@amf-france.org,,https://lannuaire.service-public.fr/autorites-independantes/autorite-administrative-independante_172012,autorite-administrative-independante
autorite-administrative-independante_172062,Autorité de sûreté nucléaire (ASN),info@asn.fr,,https://lannuaire.service-public.fr/autorites-independantes/autorite-administrative-independante_172062,autorite-administrative-independante
autorite-administrative-independante_172082,Commission d'accès aux documents administratifs (CADA),cada@cada.fr,,https://lannuaire.service-public.fr/autorites-independantes/autorite-administrative-independante_172082,autorite-administrative-independante
autorite-administrative-independante_172114,Commission nationale des comptes de campagne et des financements politiques (CNCCFP),frederique.dooghe@cnccfp.fr,,https://lannuaire.service-public.fr/autorites-independantes/autorite-administrative-independante_172114,autorite-administrative-independante
autorite-administrative-independante_172139,Commission nationale du débat public (CNDP),contact@debatpublic.fr,,https://lannuaire.service-public.fr/autorites-independantes/autorite-administrative-independante_172139,autorite-administrative-independante
autorite-administrative-independante_172156,Commission nationale de l'informatique et des libertés (CNIL),presse@cnil.fr,,https://lannuaire.service-public.fr/autorites-independantes/autorite-administrative-independante_172156,autorite-administrative-independante
autorite-administrative-independante_172192,Conseil supérieur de l'audiovisuel (CSA),infos@csa.fr,,https://lannuaire.service-public.fr/autorites-independantes/autorite-administrative-independante_172192,autorite-administrative-independante
autorite-administrative-independante_195381,Défenseur des droits,presse@defenseurdesdroits.fr,,https://lannuaire.service-public.fr/autorites-independantes/autorite-administrative-independante_195381,autorite-administrative-independante
autorite-administrative-independante_172206,Haute Autorité de santé (HAS),contact.presse@has-sante.fr,,https://lannuaire.service-public.fr/autorites-independantes/autorite-administrative-independante_172206,autorite-administrative-independante
autorite-publique-independante_432801,Haut conseil du commissariat aux comptes (H3C),secretariat@h3c.org,,https://lannuaire.service-public.fr/autorites-independantes/autorite-publique-independante_432801,autorite-publique-independante
autorite-administrative-independante_172183,Haute Autorité pour la transparence de la vie publique (HATVP),secretariat.sg@hatvp.fr,,https://lannuaire.service-public.fr/autorites-independantes/autorite-administrative-independante_172183,autorite-administrative-independante
